{
  "loss": [
    0.508752183216374,
    0.21230352470060673,
    0.07954658749626904,
    0.049516465287746454,
    0.040586717858365394,
    0.023364714823844956,
    0.016952664733341918,
    0.014168851634078636,
    0.010598860073425784,
    0.017072829466154116
  ],
  "val_f1": [
    0.9442307692307692,
    0.9636898920510304,
    0.977914740626605,
    0.9882593159775396,
    0.991374936580416,
    0.9918864097363083,
    0.9924050632911392,
    0.9897435897435898,
    0.9904088844018173,
    0.9908536585365854
  ]
}