{
  "params": 278092,
  "precise_ms": 1.8655753135681152,
  "best_f1": 0.9924050632911392,
  "best_epoch": 6
}