{
    "accuracy": 0.864,
    "precision": 1.0,
    "recall": 0.796,
    "f1": 0.8864142538975501,
    "auc": 0.99942
}