{
  "loss": [
    0.5387384208237253,
    0.20368960881378592,
    0.07249607445626724,
    0.05459789064054082,
    0.03482447344264606,
    0.02507094037151191,
    0.027908882711128128,
    0.018087999690778372,
    0.01267992093500386,
    0.009861443603479462
  ],
  "val_f1": [
    0.9388753056234719,
    0.9775112443778111,
    0.99341104916371,
    0.9844455594581034,
    0.9954245043213015,
    0.9712493465760585,
    0.9969512195121951,
    0.9944190766108574,
    0.9908163265306122,
    0.9954337899543378
  ]
}