{
  "params": 278092,
  "precise_ms": 1.8487930297851562,
  "best_f1": 0.9969512195121951,
  "best_epoch": 6
}