metric,mean,std
Accuracy,0.9863217365447517,0.0028675738212884166
F1,0.9922055495649621,0.001617423207421169
AUC,0.9984171848501979,0.001059378983399658
EER,0.018666384021299377,0.004240580349609273
