variant,seed,AUC,EER,F1,Accuracy
default,42,0.9981062747314867,0.0215163934426231,0.9903602232369355,0.9830508474576272
default,123,0.9995972300734879,0.013793103447939343,0.9928789420142421,0.9875111507582516
default,3407,0.9975480497456191,0.020689655173335684,0.9933774834437086,0.9884032114183765
