{
    "accuracy": 0.9997455470737914,
    "precision": 0.9994913530010173,
    "recall": 1.0,
    "f1": 0.9997456118036123,
    "auc": 1.0
}