{
  "loss": [
    0.5273969922123886,
    0.22154020299998725,
    0.09005876476081406,
    0.04853916281788814,
    0.03502086202455003,
    0.029939866329475148,
    0.02897588479355341,
    0.02800845062905332,
    0.017780927691336084,
    0.018289315179217516
  ],
  "val_f1": [
    0.9408341416100873,
    0.9538162372386971,
    0.9873417721518988,
    0.9888211382113821,
    0.9913573970513472,
    0.9938900203665988,
    0.9959308240081384,
    0.9859437751004017,
    0.9949135300101729,
    0.9969512195121951
  ]
}